{"cameraMode":{"drawMode":0,"name":"Shaded","section":"Shading Mode"},"sceneLighting":true,"audioPlay":false,"sceneViewState":{"showFog":true,"showMaterialUpdate":false,"showSkybox":true,"showFlares":true,"showImageEffects":true,"showParticleSystems":true},"in2DMode":false,"pivot":{"x":0.020214080810546876,"y":0.15857172012329102,"z":1.0831464529037476},"rotation":{"x":-0.13911841809749604,"y":0.6353901028633118,"z":-0.11779381334781647,"w":-0.7503952980041504},"size":19.445592880249025,"orthographic":false}